-- phpMyAdmin SQL Dump
-- version 4.5.1
-- http://www.phpmyadmin.net
--
-- Host: 127.0.0.1
-- Generation Time: May 17, 2018 at 01:58 PM
-- Server version: 10.1.16-MariaDB
-- PHP Version: 7.0.9

SET SQL_MODE = "NO_AUTO_VALUE_ON_ZERO";
SET time_zone = "+00:00";


/*!40101 SET @OLD_CHARACTER_SET_CLIENT=@@CHARACTER_SET_CLIENT */;
/*!40101 SET @OLD_CHARACTER_SET_RESULTS=@@CHARACTER_SET_RESULTS */;
/*!40101 SET @OLD_COLLATION_CONNECTION=@@COLLATION_CONNECTION */;
/*!40101 SET NAMES utf8mb4 */;

--
-- Database: `checker`
--
CREATE DATABASE IF NOT EXISTS `checker` DEFAULT CHARACTER SET latin1 COLLATE latin1_swedish_ci;
USE `checker`;

-- --------------------------------------------------------

--
-- Table structure for table `makanan`
--

DROP TABLE IF EXISTS `makanan`;
CREATE TABLE IF NOT EXISTS `makanan` (
  `kodemenurecipe` varchar(50) NOT NULL,
  `namamenurecipe` varchar(300) NOT NULL,
  `durasi` decimal(15,2) NOT NULL,
  PRIMARY KEY (`kodemenurecipe`)
) ENGINE=InnoDB DEFAULT CHARSET=latin1;

--
-- Dumping data for table `makanan`
--

INSERT INTO `makanan` (`kodemenurecipe`, `namamenurecipe`, `durasi`) VALUES
('xx1', 'NASI GORENG', '10.00'),
('xx2', 'MIE GORENG', '8.00'),
('xx3', 'ES TEH', '5.00'),
('yy1', 'PEDAS', '0.00'),
('yy2', '+ TELOR', '0.00');

-- --------------------------------------------------------

--
-- Table structure for table `torder`
--

DROP TABLE IF EXISTS `torder`;
CREATE TABLE IF NOT EXISTS `torder` (
  `KODELOKASI` varchar(10) NOT NULL,
  `KODETRANS` varchar(16) NOT NULL,
  `TGLTRANS` date NOT NULL,
  `TGLOMZET` date DEFAULT NULL,
  `JAMTRANS` time DEFAULT NULL,
  `KODELAYANANONLINE` varchar(10) DEFAULT NULL,
  `ORDERID` varchar(10) DEFAULT NULL,
  `KODECUSTOMER` varchar(20) DEFAULT NULL,
  `WAITER` varchar(20) DEFAULT NULL,
  `NOMORMEJA` varchar(10) DEFAULT NULL,
  `JUMLAHORANG` int(11) DEFAULT NULL,
  `CHARGE` decimal(15,4) DEFAULT NULL,
  `TOTAL` decimal(15,4) DEFAULT NULL,
  `DISC` decimal(15,4) DEFAULT NULL,
  `DISCAMOUNT` decimal(15,4) DEFAULT NULL,
  `PPNPERSEN` decimal(15,4) DEFAULT NULL,
  `PPNAMOUNT` decimal(15,4) DEFAULT NULL,
  `VOUCHER` decimal(15,4) DEFAULT NULL,
  `GRANDTOTAL` decimal(15,4) DEFAULT NULL,
  `BAYAR` decimal(15,4) DEFAULT NULL,
  `KEMBALI` decimal(15,4) DEFAULT NULL,
  `KASIR` varchar(20) DEFAULT NULL,
  `TGLBAYAR` date DEFAULT NULL,
  `JAMBAYAR` time DEFAULT NULL,
  `STATUS` varchar(10) DEFAULT NULL,
  `CETAKBILL` smallint(6) DEFAULT NULL,
  `CETAKPAYMENT` smallint(6) DEFAULT NULL,
  PRIMARY KEY (`KODELOKASI`,`KODETRANS`,`TGLTRANS`) USING BTREE,
  KEY `TORDER_IDX2` (`KODETRANS`),
  KEY `TORDER_IDX3` (`TGLTRANS`),
  KEY `TORDER_IDX4` (`TGLOMZET`),
  KEY `TORDER_IDX5` (`KODELAYANANONLINE`),
  KEY `TORDER_IDX6` (`KODECUSTOMER`),
  KEY `TORDER_IDX7` (`STATUS`),
  KEY `TORDER_IDX8` (`ORDERID`),
  KEY `TORDER_IDX1` (`KODELOKASI`) USING BTREE
) ENGINE=InnoDB DEFAULT CHARSET=latin1;

--
-- Dumping data for table `torder`
--

INSERT INTO `torder` (`KODELOKASI`, `KODETRANS`, `TGLTRANS`, `TGLOMZET`, `JAMTRANS`, `KODELAYANANONLINE`, `ORDERID`, `KODECUSTOMER`, `WAITER`, `NOMORMEJA`, `JUMLAHORANG`, `CHARGE`, `TOTAL`, `DISC`, `DISCAMOUNT`, `PPNPERSEN`, `PPNAMOUNT`, `VOUCHER`, `GRANDTOTAL`, `BAYAR`, `KEMBALI`, `KASIR`, `TGLBAYAR`, `JAMBAYAR`, `STATUS`, `CETAKBILL`, `CETAKPAYMENT`) VALUES
('LOK001', 'TRA001', '2018-05-04', '2018-05-04', '17:40:00', NULL, NULL, NULL, NULL, '1', 3, NULL, NULL, NULL, NULL, NULL, NULL, NULL, NULL, NULL, NULL, NULL, NULL, NULL, NULL, NULL, NULL),
('LOK001', 'TRA002', '2018-05-04', '2018-05-04', '17:40:00', NULL, NULL, NULL, NULL, '2', 4, NULL, NULL, NULL, NULL, NULL, NULL, NULL, NULL, NULL, NULL, NULL, NULL, NULL, NULL, NULL, NULL),
('LOK001', 'TRA003', '2018-05-04', '2018-05-04', '17:40:00', NULL, NULL, NULL, NULL, '3', 4, NULL, NULL, NULL, NULL, NULL, NULL, NULL, NULL, NULL, NULL, NULL, NULL, NULL, NULL, NULL, NULL),
('LOK001', 'TRA004', '2018-05-04', '2018-05-04', '17:40:00', NULL, NULL, NULL, NULL, '4', 5, NULL, NULL, NULL, NULL, NULL, NULL, NULL, NULL, NULL, NULL, NULL, NULL, NULL, NULL, NULL, NULL),
('LOK001', 'TRA005', '2018-05-04', '2018-05-04', '17:40:00', NULL, NULL, NULL, NULL, '5', 4, NULL, NULL, NULL, NULL, NULL, NULL, NULL, NULL, NULL, NULL, NULL, NULL, NULL, NULL, NULL, NULL),
('LOK001', 'TRA006', '2018-05-04', '2018-05-04', '17:40:00', NULL, NULL, NULL, NULL, '6', 5, NULL, NULL, NULL, NULL, NULL, NULL, NULL, NULL, NULL, NULL, NULL, NULL, NULL, NULL, NULL, NULL),
('LOK001', 'TRA007', '2018-05-04', '2018-05-04', '17:40:00', NULL, NULL, NULL, NULL, '7', 4, NULL, NULL, NULL, NULL, NULL, NULL, NULL, NULL, NULL, NULL, NULL, NULL, NULL, NULL, NULL, NULL),
('LOK001', 'TRA008', '2018-05-04', '2018-05-04', '17:40:00', NULL, NULL, NULL, NULL, '8', 5, NULL, NULL, NULL, NULL, NULL, NULL, NULL, NULL, NULL, NULL, NULL, NULL, NULL, NULL, NULL, NULL),
('LOK001', 'TRA009', '2018-05-04', '2018-05-04', '17:40:00', NULL, NULL, NULL, NULL, '9', 4, NULL, NULL, NULL, NULL, NULL, NULL, NULL, NULL, NULL, NULL, NULL, NULL, NULL, NULL, NULL, NULL),
('LOK001', 'TRA010', '2018-05-04', '2018-05-04', '17:40:00', NULL, NULL, NULL, NULL, '10', 4, NULL, NULL, NULL, NULL, NULL, NULL, NULL, NULL, NULL, NULL, NULL, NULL, NULL, NULL, NULL, NULL),
('LOK001', 'TRA011', '2018-05-04', '2018-05-04', '17:40:00', NULL, NULL, NULL, NULL, '11', 5, NULL, NULL, NULL, NULL, NULL, NULL, NULL, NULL, NULL, NULL, NULL, NULL, NULL, NULL, NULL, NULL),
('LOK001', 'TRA012', '2018-05-04', '2018-05-04', '17:40:00', NULL, NULL, NULL, NULL, '12', 5, NULL, NULL, NULL, NULL, NULL, NULL, NULL, NULL, NULL, NULL, NULL, NULL, NULL, NULL, NULL, NULL),
('LOK001', 'TRA013', '2018-05-13', '2018-05-13', '22:21:59', NULL, NULL, NULL, NULL, '13', 5, NULL, NULL, NULL, NULL, NULL, NULL, NULL, NULL, NULL, NULL, NULL, NULL, NULL, NULL, NULL, NULL);

-- --------------------------------------------------------

--
-- Table structure for table `torderchecker`
--

DROP TABLE IF EXISTS `torderchecker`;
CREATE TABLE IF NOT EXISTS `torderchecker` (
  `KODELOKASI` varchar(10) NOT NULL,
  `KODETRANS` varchar(50) NOT NULL,
  `TGLOMZET` date NOT NULL,
  `KODEMENURECIPE` varchar(50) NOT NULL,
  `NAMAMENURECIPE` varchar(300) NOT NULL,
  `JUMLAH` int(11) NOT NULL,
  `URUTAN` int(11) NOT NULL,
  `URUTANCHECKER` int(11) NOT NULL,
  `JAMORDER` time NOT NULL,
  `JAMTARGET` time NOT NULL,
  `JAMFINISH` time NOT NULL,
  `DURASI` decimal(15,2) NOT NULL,
  `USERORDER` varchar(100) NOT NULL,
  `USERCHECKER` varchar(100) NOT NULL,
  `STATUS` smallint(6) NOT NULL,
  PRIMARY KEY (`KODELOKASI`,`KODETRANS`,`TGLOMZET`,`URUTAN`)
) ENGINE=InnoDB DEFAULT CHARSET=latin1;

--
-- Dumping data for table `torderchecker`
--

INSERT INTO `torderchecker` (`KODELOKASI`, `KODETRANS`, `TGLOMZET`, `KODEMENURECIPE`, `NAMAMENURECIPE`, `JUMLAH`, `URUTAN`, `URUTANCHECKER`, `JAMORDER`, `JAMTARGET`, `JAMFINISH`, `DURASI`, `USERORDER`, `USERCHECKER`, `STATUS`) VALUES
('001', 'TRA013', '2018-05-13', 'xx1', 'NASI GORENG', 1, 0, -1, '20:42:38', '20:52:38', '00:00:00', '10.00', 'TEST', 'TEST', 0),
('001', 'TRA013', '2018-05-13', 'xx1', 'NASI GORENG', 1, 90, -1, '20:42:58', '20:52:58', '00:00:00', '10.00', 'TEST', 'TEST', 0),
('LOK001', 'TRA001', '2018-05-04', 'xx1', 'NASI GORENG', 1, 1, -1, '00:06:34', '10:57:25', '00:00:00', '10.00', 'TEST', 'TEST', 0),
('LOK001', 'TRA001', '2018-05-04', 'yy1', 'PEDAS', 1, 2, 1, '00:06:34', '10:57:25', '00:00:00', '0.00', 'TEST', 'TEST', 0),
('LOK001', 'TRA001', '2018-05-04', 'yy2', 'TELOR', 1, 3, 1, '00:06:34', '10:57:25', '00:00:00', '0.00', 'TEST', 'TEST', 0),
('LOK001', 'TRA001', '2018-05-04', 'xx2', 'MIE GORENG', 1, 4, -1, '00:06:34', '10:57:25', '11:52:37', '8.00', 'TEST', 'TEST', 1),
('LOK001', 'TRA001', '2018-05-04', 'xx3', 'ES TEH', 1, 5, -1, '00:06:34', '10:57:25', '00:00:00', '5.00', 'TEST', 'TEST', 0),
('LOK001', 'TRA001', '2018-05-04', 'xx1', 'NASI GORENG', 1, 6, -1, '00:06:34', '10:57:25', '18:39:13', '10.00', 'TEST', 'TEST', 1),
('LOK001', 'TRA001', '2018-05-04', 'yy2', 'TELOR', 1, 7, 6, '00:06:34', '10:57:25', '00:00:00', '0.00', 'TEST', 'TEST', 0),
('LOK001', 'TRA001', '2018-05-04', 'xx3', 'ES TEH', 1, 8, -1, '00:06:34', '10:57:25', '16:58:45', '5.00', 'TEST', 'TEST', 1),
('LOK001', 'TRA001', '2018-05-04', 'xx1', 'NASI GORENG', 1, 121, -1, '22:24:11', '22:34:11', '00:00:00', '10.00', 'TEST', 'TEST', 0),
('LOK001', 'TRA002', '2018-05-04', 'xx1', 'NASI GORENG', 1, 9, -1, '00:02:05', '10:57:25', '11:12:10', '10.00', 'TEST', 'TEST', 1),
('LOK001', 'TRA002', '2018-05-04', 'yy1', 'PEDAS', 1, 10, 9, '00:02:05', '10:57:25', '00:00:00', '0.00', 'TEST', 'TEST', 0),
('LOK001', 'TRA002', '2018-05-04', 'yy2', 'TELOR', 1, 11, 9, '00:02:05', '10:57:25', '00:00:00', '0.00', 'TEST', 'TEST', 0),
('LOK001', 'TRA002', '2018-05-04', 'xx2', 'MIE GORENG', 1, 12, -1, '00:02:05', '10:57:25', '00:00:00', '8.00', 'TEST', 'TEST', 0),
('LOK001', 'TRA002', '2018-05-04', 'xx3', 'ES TEH', 1, 13, -1, '00:02:05', '10:57:25', '18:18:03', '5.00', 'TEST', 'TEST', 1),
('LOK001', 'TRA002', '2018-05-04', 'xx1', 'NASI GORENG', 1, 14, -1, '00:02:05', '10:57:25', '00:00:00', '10.00', 'TEST', 'TEST', 0),
('LOK001', 'TRA002', '2018-05-04', 'yy2', 'TELOR', 1, 15, 14, '00:02:05', '10:57:25', '00:00:00', '0.00', 'TEST', 'TEST', 0),
('LOK001', 'TRA002', '2018-05-04', 'xx3', 'ES TEH', 1, 16, -1, '00:02:05', '10:57:25', '18:23:04', '5.00', 'TEST', 'TEST', 1),
('LOK001', 'TRA003', '2018-05-04', 'xx1', 'NASI GORENG', 1, 17, -1, '00:02:05', '10:57:25', '18:22:09', '10.00', 'TEST', 'TEST', 1),
('LOK001', 'TRA003', '2018-05-04', 'yy1', 'PEDAS', 1, 18, 17, '00:02:05', '10:57:25', '00:00:00', '0.00', 'TEST', 'TEST', 0),
('LOK001', 'TRA003', '2018-05-04', 'yy2', 'TELOR', 1, 19, 17, '00:02:05', '10:57:25', '00:00:00', '0.00', 'TEST', 'TEST', 0),
('LOK001', 'TRA003', '2018-05-04', 'xx2', 'MIE GORENG', 1, 20, -1, '00:02:05', '10:57:25', '00:00:00', '8.00', 'TEST', 'TEST', 0),
('LOK001', 'TRA003', '2018-05-04', 'xx3', 'ES TEH', 1, 21, -1, '00:02:05', '10:57:25', '18:22:21', '5.00', 'TEST', 'TEST', 1),
('LOK001', 'TRA003', '2018-05-04', 'xx1', 'NASI GORENG', 1, 22, -1, '00:02:05', '10:57:25', '00:00:00', '10.00', 'TEST', 'TEST', 0),
('LOK001', 'TRA003', '2018-05-04', 'yy2', 'TELOR', 1, 23, 22, '00:02:05', '10:57:25', '00:00:00', '0.00', 'TEST', 'TEST', 0),
('LOK001', 'TRA003', '2018-05-04', 'xx3', 'ES TEH', 1, 24, -1, '00:02:05', '10:57:25', '01:15:15', '5.00', 'TEST', 'TEST', 1),
('LOK001', 'TRA004', '2018-05-04', 'xx1', 'NASI GORENG', 1, 25, -1, '00:02:05', '10:57:25', '18:22:09', '10.00', 'TEST', 'TEST', 1),
('LOK001', 'TRA004', '2018-05-04', 'yy1', 'PEDAS', 1, 26, 25, '00:02:05', '10:57:25', '00:00:00', '0.00', 'TEST', 'TEST', 0),
('LOK001', 'TRA004', '2018-05-04', 'yy2', 'TELOR', 1, 27, 25, '00:02:05', '10:57:25', '00:00:00', '0.00', 'TEST', 'TEST', 0),
('LOK001', 'TRA004', '2018-05-04', 'xx2', 'MIE GORENG', 1, 28, -1, '00:02:05', '10:57:25', '00:00:00', '8.00', 'TEST', 'TEST', 0),
('LOK001', 'TRA004', '2018-05-04', 'xx3', 'ES TEH', 1, 29, -1, '00:02:05', '10:57:25', '00:00:00', '5.00', 'TEST', 'TEST', 0),
('LOK001', 'TRA004', '2018-05-04', 'xx1', 'NASI GORENG', 1, 30, -1, '00:02:05', '10:57:25', '00:00:00', '10.00', 'TEST', 'TEST', 0),
('LOK001', 'TRA004', '2018-05-04', 'yy2', 'TELOR', 1, 31, 30, '00:02:05', '10:57:25', '00:00:00', '0.00', 'TEST', 'TEST', 0),
('LOK001', 'TRA004', '2018-05-04', 'xx3', 'ES TEH', 1, 32, -1, '00:02:05', '10:57:25', '00:00:00', '5.00', 'TEST', 'TEST', 0),
('LOK001', 'TRA005', '2018-05-04', 'xx1', 'NASI GORENG', 1, 33, -1, '00:02:05', '10:57:25', '18:22:09', '10.00', 'TEST', 'TEST', 1),
('LOK001', 'TRA005', '2018-05-04', 'yy1', 'PEDAS', 1, 34, 33, '00:02:05', '10:57:25', '00:00:00', '0.00', 'TEST', 'TEST', 0),
('LOK001', 'TRA005', '2018-05-04', 'yy2', 'TELOR', 1, 35, 33, '00:02:05', '10:57:25', '00:00:00', '0.00', 'TEST', 'TEST', 0),
('LOK001', 'TRA005', '2018-05-04', 'xx2', 'MIE GORENG', 1, 36, -1, '00:02:05', '10:57:25', '00:00:00', '8.00', 'TEST', 'TEST', 0),
('LOK001', 'TRA005', '2018-05-04', 'xx3', 'ES TEH', 1, 37, -1, '00:02:05', '10:57:25', '18:39:29', '5.00', 'TEST', 'TEST', 1),
('LOK001', 'TRA005', '2018-05-04', 'xx1', 'NASI GORENG', 1, 38, -1, '00:02:05', '10:57:25', '00:00:00', '10.00', 'TEST', 'TEST', 0),
('LOK001', 'TRA005', '2018-05-04', 'yy2', 'TELOR', 1, 39, 38, '00:02:05', '10:57:25', '00:00:00', '0.00', 'TEST', 'TEST', 0),
('LOK001', 'TRA005', '2018-05-04', 'xx3', 'ES TEH', 1, 40, -1, '00:02:05', '10:57:25', '00:00:00', '5.00', 'TEST', 'TEST', 0),
('LOK001', 'TRA006', '2018-05-04', 'xx1', 'NASI GORENG', 1, 41, -1, '00:02:05', '10:57:25', '01:15:48', '10.00', 'TEST', 'TEST', 1),
('LOK001', 'TRA006', '2018-05-04', 'yy1', 'PEDAS', 1, 42, 41, '00:02:05', '10:57:25', '00:00:00', '0.00', 'TEST', 'TEST', 0),
('LOK001', 'TRA006', '2018-05-04', 'yy2', 'TELOR', 1, 43, 41, '00:02:05', '10:57:25', '00:00:00', '0.00', 'TEST', 'TEST', 0),
('LOK001', 'TRA006', '2018-05-04', 'xx2', 'MIE GORENG', 1, 44, -1, '00:02:05', '10:57:25', '00:00:00', '8.00', 'TEST', 'TEST', 0),
('LOK001', 'TRA006', '2018-05-04', 'xx3', 'ES TEH', 1, 45, -1, '00:02:05', '10:57:25', '18:22:21', '5.00', 'TEST', 'TEST', 1),
('LOK001', 'TRA006', '2018-05-04', 'xx1', 'NASI GORENG', 1, 46, -1, '00:02:05', '10:57:25', '00:00:00', '10.00', 'TEST', 'TEST', 0),
('LOK001', 'TRA006', '2018-05-04', 'yy2', 'TELOR', 1, 47, 46, '00:02:05', '10:57:25', '00:00:00', '0.00', 'TEST', 'TEST', 0),
('LOK001', 'TRA006', '2018-05-04', 'xx3', 'ES TEH', 1, 48, -1, '00:02:05', '10:57:25', '18:39:29', '5.00', 'TEST', 'TEST', 1),
('LOK001', 'TRA007', '2018-05-04', 'xx1', 'NASI GORENG', 1, 49, -1, '00:02:05', '10:57:25', '09:56:57', '10.00', 'TEST', 'TEST', 1),
('LOK001', 'TRA007', '2018-05-04', 'yy1', 'PEDAS', 1, 50, 49, '00:02:05', '10:57:25', '00:00:00', '0.00', 'TEST', 'TEST', 0),
('LOK001', 'TRA007', '2018-05-04', 'yy2', 'TELOR', 1, 51, 49, '00:02:05', '10:57:25', '00:00:00', '0.00', 'TEST', 'TEST', 0),
('LOK001', 'TRA007', '2018-05-04', 'xx2', 'MIE GORENG', 1, 52, -1, '00:02:05', '10:57:25', '18:21:47', '8.00', 'TEST', 'TEST', 1),
('LOK001', 'TRA007', '2018-05-04', 'xx3', 'ES TEH', 1, 53, -1, '00:02:05', '10:57:25', '18:21:35', '5.00', 'TEST', 'TEST', 1),
('LOK001', 'TRA007', '2018-05-04', 'xx1', 'NASI GORENG', 1, 54, -1, '00:02:05', '10:57:25', '00:00:00', '10.00', 'TEST', 'TEST', 0),
('LOK001', 'TRA007', '2018-05-04', 'yy2', 'TELOR', 1, 55, 54, '00:02:05', '10:57:25', '00:00:00', '0.00', 'TEST', 'TEST', 0),
('LOK001', 'TRA007', '2018-05-04', 'xx3', 'ES TEH', 1, 56, -1, '00:02:05', '10:57:25', '18:21:42', '5.00', 'TEST', 'TEST', 1),
('LOK001', 'TRA008', '2018-05-04', 'xx1', 'NASI GORENG', 1, 57, -1, '00:02:05', '10:57:25', '09:56:57', '10.00', 'TEST', 'TEST', 1),
('LOK001', 'TRA008', '2018-05-04', 'yy1', 'PEDAS', 1, 58, 57, '00:02:05', '10:57:25', '00:00:00', '0.00', 'TEST', 'TEST', 0),
('LOK001', 'TRA008', '2018-05-04', 'yy2', 'TELOR', 1, 59, 57, '00:02:05', '10:57:25', '00:00:00', '0.00', 'TEST', 'TEST', 0),
('LOK001', 'TRA008', '2018-05-04', 'xx2', 'MIE GORENG', 1, 60, -1, '00:02:05', '10:57:25', '18:22:34', '8.00', 'TEST', 'TEST', 1),
('LOK001', 'TRA008', '2018-05-04', 'xx3', 'ES TEH', 1, 61, -1, '00:02:05', '10:57:25', '00:00:00', '5.00', 'TEST', 'TEST', 0),
('LOK001', 'TRA008', '2018-05-04', 'xx1', 'NASI GORENG', 1, 62, -1, '00:02:05', '10:57:25', '00:00:00', '10.00', 'TEST', 'TEST', 0),
('LOK001', 'TRA008', '2018-05-04', 'yy2', 'TELOR', 1, 63, 62, '00:02:05', '10:57:25', '00:00:00', '0.00', 'TEST', 'TEST', 0),
('LOK001', 'TRA008', '2018-05-04', 'xx3', 'ES TEH', 1, 64, -1, '00:02:05', '10:57:25', '00:00:00', '5.00', 'TEST', 'TEST', 0),
('LOK001', 'TRA009', '2018-05-04', 'xx1', 'NASI GORENG', 1, 65, -1, '00:02:05', '10:57:25', '01:15:48', '10.00', 'TEST', 'TEST', 1),
('LOK001', 'TRA009', '2018-05-04', 'yy1', 'PEDAS', 1, 66, 65, '00:02:05', '10:57:25', '00:00:00', '0.00', 'TEST', 'TEST', 0),
('LOK001', 'TRA009', '2018-05-04', 'yy2', 'TELOR', 1, 67, 65, '00:02:05', '10:57:25', '00:00:00', '0.00', 'TEST', 'TEST', 0),
('LOK001', 'TRA009', '2018-05-04', 'xx2', 'MIE GORENG', 1, 68, -1, '00:02:05', '10:57:25', '00:00:00', '8.00', 'TEST', 'TEST', 0),
('LOK001', 'TRA009', '2018-05-04', 'xx3', 'ES TEH', 1, 69, -1, '00:02:05', '10:57:25', '18:18:03', '5.00', 'TEST', 'TEST', 1),
('LOK001', 'TRA009', '2018-05-04', 'xx1', 'NASI GORENG', 1, 70, -1, '00:02:05', '10:57:25', '00:00:00', '10.00', 'TEST', 'TEST', 0),
('LOK001', 'TRA009', '2018-05-04', 'yy2', 'TELOR', 1, 71, 70, '00:02:05', '10:57:25', '00:00:00', '0.00', 'TEST', 'TEST', 0),
('LOK001', 'TRA009', '2018-05-04', 'xx3', 'ES TEH', 1, 72, -1, '00:02:05', '10:57:25', '00:00:00', '5.00', 'TEST', 'TEST', 0),
('LOK001', 'TRA010', '2018-05-04', 'xx1', 'NASI GORENG', 1, 73, -1, '00:02:05', '10:57:25', '18:21:52', '10.00', 'TEST', 'TEST', 1),
('LOK001', 'TRA010', '2018-05-04', 'yy1', 'PEDAS', 1, 74, 73, '00:02:05', '10:57:25', '00:00:00', '0.00', 'TEST', 'TEST', 0),
('LOK001', 'TRA010', '2018-05-04', 'yy2', 'TELOR', 1, 75, 73, '00:02:05', '10:57:25', '00:00:00', '0.00', 'TEST', 'TEST', 0),
('LOK001', 'TRA010', '2018-05-04', 'xx2', 'MIE GORENG', 1, 76, -1, '00:02:05', '10:57:25', '18:22:34', '8.00', 'TEST', 'TEST', 1),
('LOK001', 'TRA010', '2018-05-04', 'xx3', 'ES TEH', 1, 77, -1, '00:02:05', '10:57:25', '18:22:21', '5.00', 'TEST', 'TEST', 1),
('LOK001', 'TRA010', '2018-05-04', 'xx1', 'NASI GORENG', 1, 78, -1, '00:02:05', '10:57:25', '00:00:00', '10.00', 'TEST', 'TEST', 0),
('LOK001', 'TRA010', '2018-05-04', 'yy2', 'TELOR', 1, 79, 78, '00:02:05', '10:57:25', '00:00:00', '0.00', 'TEST', 'TEST', 0),
('LOK001', 'TRA010', '2018-05-04', 'xx3', 'ES TEH', 1, 80, -1, '00:02:05', '10:57:25', '18:18:11', '5.00', 'TEST', 'TEST', 1),
('LOK001', 'TRA011', '2018-05-04', 'xx1', 'NASI GORENG', 1, 81, -1, '00:02:05', '10:57:25', '18:21:52', '10.00', 'TEST', 'TEST', 1),
('LOK001', 'TRA011', '2018-05-04', 'yy1', 'PEDAS', 1, 82, 81, '00:02:05', '10:57:25', '00:00:00', '0.00', 'TEST', 'TEST', 0),
('LOK001', 'TRA011', '2018-05-04', 'yy2', 'TELOR', 1, 83, 81, '00:02:05', '10:57:25', '00:00:00', '0.00', 'TEST', 'TEST', 0),
('LOK001', 'TRA011', '2018-05-04', 'xx2', 'MIE GORENG', 1, 84, -1, '00:02:05', '10:57:25', '00:00:00', '8.00', 'TEST', 'TEST', 0),
('LOK001', 'TRA011', '2018-05-04', 'xx3', 'ES TEH', 1, 85, -1, '00:02:05', '10:57:25', '18:18:03', '5.00', 'TEST', 'TEST', 1),
('LOK001', 'TRA011', '2018-05-04', 'xx1', 'NASI GORENG', 1, 86, -1, '00:02:05', '10:57:25', '01:15:48', '10.00', 'TEST', 'TEST', 1),
('LOK001', 'TRA011', '2018-05-04', 'yy2', 'TELOR', 1, 87, 86, '00:02:05', '10:57:25', '00:00:00', '0.00', 'TEST', 'TEST', 0),
('LOK001', 'TRA011', '2018-05-04', 'xx3', 'ES TEH', 1, 88, -1, '00:02:05', '10:57:25', '18:22:21', '5.00', 'TEST', 'TEST', 1),
('LOK001', 'TRA012', '2018-05-04', 'xx1', 'NASI GORENG', 1, 89, -1, '00:02:05', '10:57:25', '00:00:00', '10.00', 'TEST', 'TEST', 0),
('LOK001', 'TRA012', '2018-05-04', 'yy1', 'PEDAS', 1, 90, 89, '00:02:05', '10:57:25', '00:00:00', '0.00', 'TEST', 'TEST', 0),
('LOK001', 'TRA012', '2018-05-04', 'yy2', 'TELOR', 1, 91, 89, '00:02:05', '10:57:25', '00:00:00', '0.00', 'TEST', 'TEST', 0),
('LOK001', 'TRA012', '2018-05-04', 'xx2', 'MIE GORENG', 1, 92, -1, '00:02:05', '10:57:25', '00:00:00', '8.00', 'TEST', 'TEST', 0),
('LOK001', 'TRA012', '2018-05-04', 'xx3', 'ES TEH', 1, 93, -1, '00:02:05', '10:57:25', '00:00:00', '5.00', 'TEST', 'TEST', 0),
('LOK001', 'TRA012', '2018-05-04', 'xx1', 'NASI GORENG', 1, 94, -1, '00:02:05', '10:57:25', '00:00:00', '10.00', 'TEST', 'TEST', 0),
('LOK001', 'TRA012', '2018-05-04', 'yy2', 'TELOR', 1, 95, 94, '00:02:05', '10:57:25', '00:00:00', '0.00', 'TEST', 'TEST', 0),
('LOK001', 'TRA012', '2018-05-04', 'xx3', 'ES TEH', 1, 96, -1, '00:02:05', '10:57:25', '00:00:00', '5.00', 'TEST', 'TEST', 0),
('LOK001', 'TRA013', '2018-05-04', 'xx1', 'NASI GORENG', 1, 97, -1, '00:02:05', '10:57:25', '00:00:00', '10.00', 'TEST', 'TEST', 0),
('LOK001', 'TRA013', '2018-05-04', 'yy1', 'PEDAS', 1, 98, 97, '00:02:05', '10:57:25', '00:00:00', '0.00', 'TEST', 'TEST', 0),
('LOK001', 'TRA013', '2018-05-04', 'yy2', 'TELOR', 1, 99, 97, '00:02:05', '10:57:25', '00:00:00', '0.00', 'TEST', 'TEST', 0),
('LOK001', 'TRA013', '2018-05-04', 'xx2', 'MIE GORENG', 1, 100, -1, '00:02:05', '10:57:25', '00:00:00', '8.00', 'TEST', 'TEST', 0),
('LOK001', 'TRA013', '2018-05-04', 'xx3', 'ES TEH', 1, 101, -1, '00:02:05', '10:57:25', '00:00:00', '5.00', 'TEST', 'TEST', 0),
('LOK001', 'TRA013', '2018-05-04', 'xx1', 'NASI GORENG', 1, 102, -1, '00:02:05', '10:57:25', '00:00:00', '10.00', 'TEST', 'TEST', 0),
('LOK001', 'TRA013', '2018-05-04', 'yy2', 'TELOR', 1, 103, 102, '00:02:05', '10:57:25', '00:00:00', '0.00', 'TEST', 'TEST', 0),
('LOK001', 'TRA013', '2018-05-04', 'xx3', 'ES TEH', 1, 104, -1, '00:02:05', '10:57:25', '00:00:00', '5.00', 'TEST', 'TEST', 0),
('LOK001', 'TRA013', '2018-05-13', 'xx1', 'NASI GORENG', 1, 122, -1, '22:25:50', '22:35:50', '00:00:00', '10.00', 'TEST', 'TEST', 0),
('LOK001', 'TRA014', '2018-05-04', 'xx1', 'NASI GORENG', 1, 105, -1, '00:02:05', '10:57:25', '00:00:00', '10.00', 'TEST', 'TEST', 0),
('LOK001', 'TRA014', '2018-05-04', 'yy1', 'PEDAS', 1, 106, 105, '00:02:05', '10:57:25', '00:00:00', '0.00', 'TEST', 'TEST', 0),
('LOK001', 'TRA014', '2018-05-04', 'yy2', 'TELOR', 1, 107, 105, '00:02:05', '10:57:25', '00:00:00', '0.00', 'TEST', 'TEST', 0),
('LOK001', 'TRA014', '2018-05-04', 'xx2', 'MIE GORENG', 1, 108, -1, '00:02:05', '10:57:25', '00:00:00', '8.00', 'TEST', 'TEST', 0),
('LOK001', 'TRA014', '2018-05-04', 'xx3', 'ES TEH', 1, 109, -1, '00:02:05', '10:57:25', '00:00:00', '5.00', 'TEST', 'TEST', 0),
('LOK001', 'TRA014', '2018-05-04', 'xx1', 'NASI GORENG', 1, 110, -1, '00:02:05', '10:57:25', '00:00:00', '10.00', 'TEST', 'TEST', 0),
('LOK001', 'TRA014', '2018-05-04', 'yy2', 'TELOR', 1, 111, 110, '00:02:05', '10:57:25', '00:00:00', '0.00', 'TEST', 'TEST', 0),
('LOK001', 'TRA014', '2018-05-04', 'xx3', 'ES TEH', 1, 112, -1, '00:02:05', '10:57:25', '00:00:00', '5.00', 'TEST', 'TEST', 0),
('LOK001', 'TRA015', '2018-05-04', 'xx1', 'NASI GORENG', 1, 113, -1, '00:02:05', '10:57:25', '00:00:00', '10.00', 'TEST', 'TEST', 0),
('LOK001', 'TRA015', '2018-05-04', 'yy1', 'PEDAS', 1, 114, 113, '00:02:05', '10:57:25', '00:00:00', '0.00', 'TEST', 'TEST', 0),
('LOK001', 'TRA015', '2018-05-04', 'yy2', 'TELOR', 1, 115, 113, '00:02:05', '10:57:25', '00:00:00', '0.00', 'TEST', 'TEST', 0),
('LOK001', 'TRA015', '2018-05-04', 'xx2', 'MIE GORENG', 1, 116, -1, '00:02:05', '10:57:25', '00:00:00', '8.00', 'TEST', 'TEST', 0),
('LOK001', 'TRA015', '2018-05-04', 'xx3', 'ES TEH', 1, 117, -1, '00:02:05', '10:57:25', '00:00:00', '5.00', 'TEST', 'TEST', 0),
('LOK001', 'TRA015', '2018-05-04', 'xx1', 'NASI GORENG', 1, 118, -1, '00:02:05', '10:57:25', '00:00:00', '10.00', 'TEST', 'TEST', 0),
('LOK001', 'TRA015', '2018-05-04', 'yy2', 'TELOR', 1, 119, 118, '00:02:05', '10:57:25', '00:00:00', '0.00', 'TEST', 'TEST', 0),
('LOK001', 'TRA015', '2018-05-04', 'xx3', 'ES TEH', 1, 120, -1, '00:02:05', '10:57:25', '00:00:00', '5.00', 'TEST', 'TEST', 0);

-- --------------------------------------------------------

--
-- Table structure for table `torderdtl`
--

DROP TABLE IF EXISTS `torderdtl`;
CREATE TABLE IF NOT EXISTS `torderdtl` (
  `SPESIFIKASI` varchar(20) NOT NULL,
  `KODELOKASI` varchar(10) NOT NULL,
  `KODETRANS` varchar(20) NOT NULL,
  `TGLTRANS` date DEFAULT NULL,
  `TGLOMZET` date NOT NULL,
  `JAMTRANS` time DEFAULT NULL,
  `WAITER` varchar(20) DEFAULT NULL,
  `URUTAN` int(11) NOT NULL,
  `KODEMENURECIPE` varchar(10) NOT NULL,
  `URUTANHEADER` int(11) DEFAULT NULL,
  `JENIS` varchar(50) DEFAULT NULL,
  `KODEDETAIL` varchar(10) DEFAULT NULL,
  `KETERANGAN` varchar(50) DEFAULT NULL,
  `NAMAFRONT` varchar(50) DEFAULT NULL,
  `NAMAPDA` varchar(50) DEFAULT NULL,
  `NAMAPRINTER` varchar(50) DEFAULT NULL,
  `PPN` smallint(6) DEFAULT NULL,
  `JML` decimal(15,2) DEFAULT NULL,
  `PAKET` smallint(6) DEFAULT NULL,
  `HARGA` decimal(15,2) DEFAULT NULL,
  `AMOUNT` decimal(15,2) DEFAULT NULL,
  `PERSENTASE` decimal(15,2) DEFAULT NULL,
  `INFO` varchar(20) DEFAULT NULL,
  `NOBILLASAL` varchar(20) DEFAULT NULL,
  `NOBILLTUJUAN` varchar(20) DEFAULT NULL,
  `STATUS` char(5) DEFAULT NULL,
  `JMLVOID` decimal(15,2) DEFAULT NULL,
  `KODEBRG` varchar(10) DEFAULT NULL,
  `NAMABRG` varchar(10) DEFAULT NULL,
  `SATUAN` varchar(10) DEFAULT NULL,
  `JAMVOID` time DEFAULT NULL,
  `USERVOID` varchar(20) DEFAULT NULL,
  `VOIDREASON` varchar(50) DEFAULT NULL,
  `NAMAKOMPUTER` varchar(50) DEFAULT NULL,
  PRIMARY KEY (`SPESIFIKASI`,`KODELOKASI`,`KODETRANS`,`TGLOMZET`,`URUTAN`,`KODEMENURECIPE`)
) ENGINE=InnoDB DEFAULT CHARSET=latin1;

--
-- Dumping data for table `torderdtl`
--

INSERT INTO `torderdtl` (`SPESIFIKASI`, `KODELOKASI`, `KODETRANS`, `TGLTRANS`, `TGLOMZET`, `JAMTRANS`, `WAITER`, `URUTAN`, `KODEMENURECIPE`, `URUTANHEADER`, `JENIS`, `KODEDETAIL`, `KETERANGAN`, `NAMAFRONT`, `NAMAPDA`, `NAMAPRINTER`, `PPN`, `JML`, `PAKET`, `HARGA`, `AMOUNT`, `PERSENTASE`, `INFO`, `NOBILLASAL`, `NOBILLTUJUAN`, `STATUS`, `JMLVOID`, `KODEBRG`, `NAMABRG`, `SATUAN`, `JAMVOID`, `USERVOID`, `VOIDREASON`, `NAMAKOMPUTER`) VALUES
('001', '001', 'TRA013', '2018-05-13', '2018-05-13', '20:00:00', NULL, 0, 'xx1', -1, NULL, NULL, NULL, NULL, NULL, NULL, NULL, NULL, NULL, NULL, NULL, NULL, NULL, NULL, NULL, NULL, NULL, NULL, NULL, NULL, NULL, NULL, NULL, NULL),
('001', '001', 'TRA013', '2018-05-13', '2018-05-13', '20:00:00', NULL, 90, 'xx1', -1, NULL, NULL, NULL, NULL, NULL, NULL, NULL, NULL, NULL, NULL, NULL, NULL, NULL, NULL, NULL, NULL, NULL, NULL, NULL, NULL, NULL, NULL, NULL, NULL),
('1', 'LOK001', 'TRA001', '2018-05-04', '2018-05-04', '17:40:00', NULL, 1, 'xx1', -1, NULL, NULL, NULL, NULL, NULL, NULL, NULL, NULL, NULL, NULL, NULL, NULL, NULL, NULL, NULL, NULL, NULL, NULL, NULL, NULL, NULL, NULL, NULL, NULL),
('1', 'LOK001', 'TRA001', '2018-05-04', '2018-05-04', '17:40:00', NULL, 2, 'yy1', 1, NULL, NULL, NULL, NULL, NULL, NULL, NULL, NULL, NULL, NULL, NULL, NULL, NULL, NULL, NULL, NULL, NULL, NULL, NULL, NULL, NULL, NULL, NULL, NULL),
('1', 'LOK001', 'TRA001', '2018-05-04', '2018-05-04', '17:40:00', NULL, 3, 'yy2', 1, NULL, NULL, NULL, NULL, NULL, NULL, NULL, NULL, NULL, NULL, NULL, NULL, NULL, NULL, NULL, NULL, NULL, NULL, NULL, NULL, NULL, NULL, NULL, NULL),
('1', 'LOK001', 'TRA001', '2018-05-04', '2018-05-04', '17:40:00', NULL, 4, 'xx2', -1, NULL, NULL, NULL, NULL, NULL, NULL, NULL, NULL, NULL, NULL, NULL, NULL, NULL, NULL, NULL, NULL, NULL, NULL, NULL, NULL, NULL, NULL, NULL, NULL),
('1', 'LOK001', 'TRA001', '2018-05-04', '2018-05-04', '17:40:00', NULL, 5, 'xx3', -1, NULL, NULL, NULL, NULL, NULL, NULL, NULL, NULL, NULL, NULL, NULL, NULL, NULL, NULL, NULL, NULL, NULL, NULL, NULL, NULL, NULL, NULL, NULL, NULL),
('1', 'LOK001', 'TRA001', '2018-05-04', '2018-05-04', '17:40:00', NULL, 6, 'xx1', -1, NULL, NULL, NULL, NULL, NULL, NULL, NULL, NULL, NULL, NULL, NULL, NULL, NULL, NULL, NULL, NULL, NULL, NULL, NULL, NULL, NULL, NULL, NULL, NULL),
('1', 'LOK001', 'TRA001', '2018-05-04', '2018-05-04', '17:40:00', NULL, 7, 'yy2', 6, NULL, NULL, NULL, NULL, NULL, NULL, NULL, NULL, NULL, NULL, NULL, NULL, NULL, NULL, NULL, NULL, NULL, NULL, NULL, NULL, NULL, NULL, NULL, NULL),
('1', 'LOK001', 'TRA001', '2018-05-04', '2018-05-04', '17:40:00', NULL, 8, 'xx3', -1, NULL, NULL, NULL, NULL, NULL, NULL, NULL, NULL, NULL, NULL, NULL, NULL, NULL, NULL, NULL, NULL, NULL, NULL, NULL, NULL, NULL, NULL, NULL, NULL),
('1', 'LOK001', 'TRA001', '2018-05-04', '2018-05-04', '22:24:11', NULL, 121, 'xx1', -1, NULL, NULL, NULL, NULL, NULL, NULL, NULL, NULL, NULL, NULL, NULL, NULL, NULL, NULL, NULL, NULL, NULL, NULL, NULL, NULL, NULL, NULL, NULL, NULL),
('1', 'LOK001', 'TRA002', '2018-05-04', '2018-05-04', '17:40:00', NULL, 9, 'xx1', -1, NULL, NULL, NULL, NULL, NULL, NULL, NULL, NULL, NULL, NULL, NULL, NULL, NULL, NULL, NULL, NULL, NULL, NULL, NULL, NULL, NULL, NULL, NULL, NULL),
('1', 'LOK001', 'TRA002', '2018-05-04', '2018-05-04', '17:40:00', NULL, 10, 'yy1', 9, NULL, NULL, NULL, NULL, NULL, NULL, NULL, NULL, NULL, NULL, NULL, NULL, NULL, NULL, NULL, NULL, NULL, NULL, NULL, NULL, NULL, NULL, NULL, NULL),
('1', 'LOK001', 'TRA002', '2018-05-04', '2018-05-04', '17:40:00', NULL, 11, 'yy2', 9, NULL, NULL, NULL, NULL, NULL, NULL, NULL, NULL, NULL, NULL, NULL, NULL, NULL, NULL, NULL, NULL, NULL, NULL, NULL, NULL, NULL, NULL, NULL, NULL),
('1', 'LOK001', 'TRA002', '2018-05-04', '2018-05-04', '17:40:00', NULL, 12, 'xx2', -1, NULL, NULL, NULL, NULL, NULL, NULL, NULL, NULL, NULL, NULL, NULL, NULL, NULL, NULL, NULL, NULL, NULL, NULL, NULL, NULL, NULL, NULL, NULL, NULL),
('1', 'LOK001', 'TRA002', '2018-05-04', '2018-05-04', '17:40:00', NULL, 13, 'xx3', -1, NULL, NULL, NULL, NULL, NULL, NULL, NULL, NULL, NULL, NULL, NULL, NULL, NULL, NULL, NULL, NULL, NULL, NULL, NULL, NULL, NULL, NULL, NULL, NULL),
('1', 'LOK001', 'TRA002', '2018-05-04', '2018-05-04', '17:40:00', NULL, 14, 'xx1', -1, NULL, NULL, NULL, NULL, NULL, NULL, NULL, NULL, NULL, NULL, NULL, NULL, NULL, NULL, NULL, NULL, NULL, NULL, NULL, NULL, NULL, NULL, NULL, NULL),
('1', 'LOK001', 'TRA002', '2018-05-04', '2018-05-04', '17:40:00', NULL, 15, 'yy2', 14, NULL, NULL, NULL, NULL, NULL, NULL, NULL, NULL, NULL, NULL, NULL, NULL, NULL, NULL, NULL, NULL, NULL, NULL, NULL, NULL, NULL, NULL, NULL, NULL),
('1', 'LOK001', 'TRA002', '2018-05-04', '2018-05-04', '17:40:00', NULL, 16, 'xx3', -1, NULL, NULL, NULL, NULL, NULL, NULL, NULL, NULL, NULL, NULL, NULL, NULL, NULL, NULL, NULL, NULL, NULL, NULL, NULL, NULL, NULL, NULL, NULL, NULL),
('1', 'LOK001', 'TRA003', '2018-05-04', '2018-05-04', '17:40:00', NULL, 17, 'xx1', -1, NULL, NULL, NULL, NULL, NULL, NULL, NULL, NULL, NULL, NULL, NULL, NULL, NULL, NULL, NULL, NULL, NULL, NULL, NULL, NULL, NULL, NULL, NULL, NULL),
('1', 'LOK001', 'TRA003', '2018-05-04', '2018-05-04', '17:40:00', NULL, 18, 'yy1', 17, NULL, NULL, NULL, NULL, NULL, NULL, NULL, NULL, NULL, NULL, NULL, NULL, NULL, NULL, NULL, NULL, NULL, NULL, NULL, NULL, NULL, NULL, NULL, NULL),
('1', 'LOK001', 'TRA003', '2018-05-04', '2018-05-04', '17:40:00', NULL, 19, 'yy2', 17, NULL, NULL, NULL, NULL, NULL, NULL, NULL, NULL, NULL, NULL, NULL, NULL, NULL, NULL, NULL, NULL, NULL, NULL, NULL, NULL, NULL, NULL, NULL, NULL),
('1', 'LOK001', 'TRA003', '2018-05-04', '2018-05-04', '17:40:00', NULL, 20, 'xx2', -1, NULL, NULL, NULL, NULL, NULL, NULL, NULL, NULL, NULL, NULL, NULL, NULL, NULL, NULL, NULL, NULL, NULL, NULL, NULL, NULL, NULL, NULL, NULL, NULL),
('1', 'LOK001', 'TRA003', '2018-05-04', '2018-05-04', '17:40:00', NULL, 21, 'xx3', -1, NULL, NULL, NULL, NULL, NULL, NULL, NULL, NULL, NULL, NULL, NULL, NULL, NULL, NULL, NULL, NULL, NULL, NULL, NULL, NULL, NULL, NULL, NULL, NULL),
('1', 'LOK001', 'TRA003', '2018-05-04', '2018-05-04', '17:40:00', NULL, 22, 'xx1', -1, NULL, NULL, NULL, NULL, NULL, NULL, NULL, NULL, NULL, NULL, NULL, NULL, NULL, NULL, NULL, NULL, NULL, NULL, NULL, NULL, NULL, NULL, NULL, NULL),
('1', 'LOK001', 'TRA003', '2018-05-04', '2018-05-04', '17:40:00', NULL, 23, 'yy2', 22, NULL, NULL, NULL, NULL, NULL, NULL, NULL, NULL, NULL, NULL, NULL, NULL, NULL, NULL, NULL, NULL, NULL, NULL, NULL, NULL, NULL, NULL, NULL, NULL),
('1', 'LOK001', 'TRA003', '2018-05-04', '2018-05-04', '17:40:00', NULL, 24, 'xx3', -1, NULL, NULL, NULL, NULL, NULL, NULL, NULL, NULL, NULL, NULL, NULL, NULL, NULL, NULL, NULL, NULL, NULL, NULL, NULL, NULL, NULL, NULL, NULL, NULL),
('1', 'LOK001', 'TRA004', '2018-05-04', '2018-05-04', '17:40:00', NULL, 25, 'xx1', -1, NULL, NULL, NULL, NULL, NULL, NULL, NULL, NULL, NULL, NULL, NULL, NULL, NULL, NULL, NULL, NULL, NULL, NULL, NULL, NULL, NULL, NULL, NULL, NULL),
('1', 'LOK001', 'TRA004', '2018-05-04', '2018-05-04', '17:40:00', NULL, 26, 'yy1', 25, NULL, NULL, NULL, NULL, NULL, NULL, NULL, NULL, NULL, NULL, NULL, NULL, NULL, NULL, NULL, NULL, NULL, NULL, NULL, NULL, NULL, NULL, NULL, NULL),
('1', 'LOK001', 'TRA004', '2018-05-04', '2018-05-04', '17:40:00', NULL, 27, 'yy2', 25, NULL, NULL, NULL, NULL, NULL, NULL, NULL, NULL, NULL, NULL, NULL, NULL, NULL, NULL, NULL, NULL, NULL, NULL, NULL, NULL, NULL, NULL, NULL, NULL),
('1', 'LOK001', 'TRA004', '2018-05-04', '2018-05-04', '17:40:00', NULL, 28, 'xx2', -1, NULL, NULL, NULL, NULL, NULL, NULL, NULL, NULL, NULL, NULL, NULL, NULL, NULL, NULL, NULL, NULL, NULL, NULL, NULL, NULL, NULL, NULL, NULL, NULL),
('1', 'LOK001', 'TRA004', '2018-05-04', '2018-05-04', '17:40:00', NULL, 29, 'xx3', -1, NULL, NULL, NULL, NULL, NULL, NULL, NULL, NULL, NULL, NULL, NULL, NULL, NULL, NULL, NULL, NULL, NULL, NULL, NULL, NULL, NULL, NULL, NULL, NULL),
('1', 'LOK001', 'TRA004', '2018-05-04', '2018-05-04', '17:40:00', NULL, 30, 'xx1', -1, NULL, NULL, NULL, NULL, NULL, NULL, NULL, NULL, NULL, NULL, NULL, NULL, NULL, NULL, NULL, NULL, NULL, NULL, NULL, NULL, NULL, NULL, NULL, NULL),
('1', 'LOK001', 'TRA004', '2018-05-04', '2018-05-04', '17:40:00', NULL, 31, 'yy2', 30, NULL, NULL, NULL, NULL, NULL, NULL, NULL, NULL, NULL, NULL, NULL, NULL, NULL, NULL, NULL, NULL, NULL, NULL, NULL, NULL, NULL, NULL, NULL, NULL),
('1', 'LOK001', 'TRA004', '2018-05-04', '2018-05-04', '17:40:00', NULL, 32, 'xx3', -1, NULL, NULL, NULL, NULL, NULL, NULL, NULL, NULL, NULL, NULL, NULL, NULL, NULL, NULL, NULL, NULL, NULL, NULL, NULL, NULL, NULL, NULL, NULL, NULL),
('1', 'LOK001', 'TRA005', '2018-05-04', '2018-05-04', '17:40:00', NULL, 33, 'xx1', -1, NULL, NULL, NULL, NULL, NULL, NULL, NULL, NULL, NULL, NULL, NULL, NULL, NULL, NULL, NULL, NULL, NULL, NULL, NULL, NULL, NULL, NULL, NULL, NULL),
('1', 'LOK001', 'TRA005', '2018-05-04', '2018-05-04', '17:40:00', NULL, 34, 'yy1', 33, NULL, NULL, NULL, NULL, NULL, NULL, NULL, NULL, NULL, NULL, NULL, NULL, NULL, NULL, NULL, NULL, NULL, NULL, NULL, NULL, NULL, NULL, NULL, NULL),
('1', 'LOK001', 'TRA005', '2018-05-04', '2018-05-04', '17:40:00', NULL, 35, 'yy2', 33, NULL, NULL, NULL, NULL, NULL, NULL, NULL, NULL, NULL, NULL, NULL, NULL, NULL, NULL, NULL, NULL, NULL, NULL, NULL, NULL, NULL, NULL, NULL, NULL),
('1', 'LOK001', 'TRA005', '2018-05-04', '2018-05-04', '17:40:00', NULL, 36, 'xx2', -1, NULL, NULL, NULL, NULL, NULL, NULL, NULL, NULL, NULL, NULL, NULL, NULL, NULL, NULL, NULL, NULL, NULL, NULL, NULL, NULL, NULL, NULL, NULL, NULL),
('1', 'LOK001', 'TRA005', '2018-05-04', '2018-05-04', '17:40:00', NULL, 37, 'xx3', -1, NULL, NULL, NULL, NULL, NULL, NULL, NULL, NULL, NULL, NULL, NULL, NULL, NULL, NULL, NULL, NULL, NULL, NULL, NULL, NULL, NULL, NULL, NULL, NULL),
('1', 'LOK001', 'TRA005', '2018-05-04', '2018-05-04', '17:40:00', NULL, 38, 'xx1', -1, NULL, NULL, NULL, NULL, NULL, NULL, NULL, NULL, NULL, NULL, NULL, NULL, NULL, NULL, NULL, NULL, NULL, NULL, NULL, NULL, NULL, NULL, NULL, NULL),
('1', 'LOK001', 'TRA005', '2018-05-04', '2018-05-04', '17:40:00', NULL, 39, 'yy2', 38, NULL, NULL, NULL, NULL, NULL, NULL, NULL, NULL, NULL, NULL, NULL, NULL, NULL, NULL, NULL, NULL, NULL, NULL, NULL, NULL, NULL, NULL, NULL, NULL),
('1', 'LOK001', 'TRA005', '2018-05-04', '2018-05-04', '17:40:00', NULL, 40, 'xx3', -1, NULL, NULL, NULL, NULL, NULL, NULL, NULL, NULL, NULL, NULL, NULL, NULL, NULL, NULL, NULL, NULL, NULL, NULL, NULL, NULL, NULL, NULL, NULL, NULL),
('1', 'LOK001', 'TRA006', '2018-05-04', '2018-05-04', '17:40:00', NULL, 41, 'xx1', -1, NULL, NULL, NULL, NULL, NULL, NULL, NULL, NULL, NULL, NULL, NULL, NULL, NULL, NULL, NULL, NULL, NULL, NULL, NULL, NULL, NULL, NULL, NULL, NULL),
('1', 'LOK001', 'TRA006', '2018-05-04', '2018-05-04', '17:40:00', NULL, 42, 'yy1', 41, NULL, NULL, NULL, NULL, NULL, NULL, NULL, NULL, NULL, NULL, NULL, NULL, NULL, NULL, NULL, NULL, NULL, NULL, NULL, NULL, NULL, NULL, NULL, NULL),
('1', 'LOK001', 'TRA006', '2018-05-04', '2018-05-04', '17:40:00', NULL, 43, 'yy2', 41, NULL, NULL, NULL, NULL, NULL, NULL, NULL, NULL, NULL, NULL, NULL, NULL, NULL, NULL, NULL, NULL, NULL, NULL, NULL, NULL, NULL, NULL, NULL, NULL),
('1', 'LOK001', 'TRA006', '2018-05-04', '2018-05-04', '17:40:00', NULL, 44, 'xx2', -1, NULL, NULL, NULL, NULL, NULL, NULL, NULL, NULL, NULL, NULL, NULL, NULL, NULL, NULL, NULL, NULL, NULL, NULL, NULL, NULL, NULL, NULL, NULL, NULL),
('1', 'LOK001', 'TRA006', '2018-05-04', '2018-05-04', '17:40:00', NULL, 45, 'xx3', -1, NULL, NULL, NULL, NULL, NULL, NULL, NULL, NULL, NULL, NULL, NULL, NULL, NULL, NULL, NULL, NULL, NULL, NULL, NULL, NULL, NULL, NULL, NULL, NULL),
('1', 'LOK001', 'TRA006', '2018-05-04', '2018-05-04', '17:40:00', NULL, 46, 'xx1', -1, NULL, NULL, NULL, NULL, NULL, NULL, NULL, NULL, NULL, NULL, NULL, NULL, NULL, NULL, NULL, NULL, NULL, NULL, NULL, NULL, NULL, NULL, NULL, NULL),
('1', 'LOK001', 'TRA006', '2018-05-04', '2018-05-04', '17:40:00', NULL, 47, 'yy2', 46, NULL, NULL, NULL, NULL, NULL, NULL, NULL, NULL, NULL, NULL, NULL, NULL, NULL, NULL, NULL, NULL, NULL, NULL, NULL, NULL, NULL, NULL, NULL, NULL),
('1', 'LOK001', 'TRA006', '2018-05-04', '2018-05-04', '17:40:00', NULL, 48, 'xx3', -1, NULL, NULL, NULL, NULL, NULL, NULL, NULL, NULL, NULL, NULL, NULL, NULL, NULL, NULL, NULL, NULL, NULL, NULL, NULL, NULL, NULL, NULL, NULL, NULL),
('1', 'LOK001', 'TRA007', '2018-05-04', '2018-05-04', '17:40:00', NULL, 49, 'xx1', -1, NULL, NULL, NULL, NULL, NULL, NULL, NULL, NULL, NULL, NULL, NULL, NULL, NULL, NULL, NULL, NULL, NULL, NULL, NULL, NULL, NULL, NULL, NULL, NULL),
('1', 'LOK001', 'TRA007', '2018-05-04', '2018-05-04', '17:40:00', NULL, 50, 'yy1', 49, NULL, NULL, NULL, NULL, NULL, NULL, NULL, NULL, NULL, NULL, NULL, NULL, NULL, NULL, NULL, NULL, NULL, NULL, NULL, NULL, NULL, NULL, NULL, NULL),
('1', 'LOK001', 'TRA007', '2018-05-04', '2018-05-04', '17:40:00', NULL, 51, 'yy2', 49, NULL, NULL, NULL, NULL, NULL, NULL, NULL, NULL, NULL, NULL, NULL, NULL, NULL, NULL, NULL, NULL, NULL, NULL, NULL, NULL, NULL, NULL, NULL, NULL),
('1', 'LOK001', 'TRA007', '2018-05-04', '2018-05-04', '17:40:00', NULL, 52, 'xx2', -1, NULL, NULL, NULL, NULL, NULL, NULL, NULL, NULL, NULL, NULL, NULL, NULL, NULL, NULL, NULL, NULL, NULL, NULL, NULL, NULL, NULL, NULL, NULL, NULL),
('1', 'LOK001', 'TRA007', '2018-05-04', '2018-05-04', '17:40:00', NULL, 53, 'xx3', -1, NULL, NULL, NULL, NULL, NULL, NULL, NULL, NULL, NULL, NULL, NULL, NULL, NULL, NULL, NULL, NULL, NULL, NULL, NULL, NULL, NULL, NULL, NULL, NULL),
('1', 'LOK001', 'TRA007', '2018-05-04', '2018-05-04', '17:40:00', NULL, 54, 'xx1', -1, NULL, NULL, NULL, NULL, NULL, NULL, NULL, NULL, NULL, NULL, NULL, NULL, NULL, NULL, NULL, NULL, NULL, NULL, NULL, NULL, NULL, NULL, NULL, NULL),
('1', 'LOK001', 'TRA007', '2018-05-04', '2018-05-04', '17:40:00', NULL, 55, 'yy2', 54, NULL, NULL, NULL, NULL, NULL, NULL, NULL, NULL, NULL, NULL, NULL, NULL, NULL, NULL, NULL, NULL, NULL, NULL, NULL, NULL, NULL, NULL, NULL, NULL),
('1', 'LOK001', 'TRA007', '2018-05-04', '2018-05-04', '17:40:00', NULL, 56, 'xx3', -1, NULL, NULL, NULL, NULL, NULL, NULL, NULL, NULL, NULL, NULL, NULL, NULL, NULL, NULL, NULL, NULL, NULL, NULL, NULL, NULL, NULL, NULL, NULL, NULL),
('1', 'LOK001', 'TRA008', '2018-05-04', '2018-05-04', '17:40:00', NULL, 57, 'xx1', -1, NULL, NULL, NULL, NULL, NULL, NULL, NULL, NULL, NULL, NULL, NULL, NULL, NULL, NULL, NULL, NULL, NULL, NULL, NULL, NULL, NULL, NULL, NULL, NULL),
('1', 'LOK001', 'TRA008', '2018-05-04', '2018-05-04', '17:40:00', NULL, 58, 'yy1', 57, NULL, NULL, NULL, NULL, NULL, NULL, NULL, NULL, NULL, NULL, NULL, NULL, NULL, NULL, NULL, NULL, NULL, NULL, NULL, NULL, NULL, NULL, NULL, NULL),
('1', 'LOK001', 'TRA008', '2018-05-04', '2018-05-04', '17:40:00', NULL, 59, 'yy2', 57, NULL, NULL, NULL, NULL, NULL, NULL, NULL, NULL, NULL, NULL, NULL, NULL, NULL, NULL, NULL, NULL, NULL, NULL, NULL, NULL, NULL, NULL, NULL, NULL),
('1', 'LOK001', 'TRA008', '2018-05-04', '2018-05-04', '17:40:00', NULL, 60, 'xx2', -1, NULL, NULL, NULL, NULL, NULL, NULL, NULL, NULL, NULL, NULL, NULL, NULL, NULL, NULL, NULL, NULL, NULL, NULL, NULL, NULL, NULL, NULL, NULL, NULL),
('1', 'LOK001', 'TRA008', '2018-05-04', '2018-05-04', '17:40:00', NULL, 61, 'xx3', -1, NULL, NULL, NULL, NULL, NULL, NULL, NULL, NULL, NULL, NULL, NULL, NULL, NULL, NULL, NULL, NULL, NULL, NULL, NULL, NULL, NULL, NULL, NULL, NULL),
('1', 'LOK001', 'TRA008', '2018-05-04', '2018-05-04', '17:40:00', NULL, 62, 'xx1', -1, NULL, NULL, NULL, NULL, NULL, NULL, NULL, NULL, NULL, NULL, NULL, NULL, NULL, NULL, NULL, NULL, NULL, NULL, NULL, NULL, NULL, NULL, NULL, NULL),
('1', 'LOK001', 'TRA008', '2018-05-04', '2018-05-04', '17:40:00', NULL, 63, 'yy2', 62, NULL, NULL, NULL, NULL, NULL, NULL, NULL, NULL, NULL, NULL, NULL, NULL, NULL, NULL, NULL, NULL, NULL, NULL, NULL, NULL, NULL, NULL, NULL, NULL),
('1', 'LOK001', 'TRA008', '2018-05-04', '2018-05-04', '17:40:00', NULL, 64, 'xx3', -1, NULL, NULL, NULL, NULL, NULL, NULL, NULL, NULL, NULL, NULL, NULL, NULL, NULL, NULL, NULL, NULL, NULL, NULL, NULL, NULL, NULL, NULL, NULL, NULL),
('1', 'LOK001', 'TRA009', '2018-05-04', '2018-05-04', '17:40:00', NULL, 65, 'xx1', -1, NULL, NULL, NULL, NULL, NULL, NULL, NULL, NULL, NULL, NULL, NULL, NULL, NULL, NULL, NULL, NULL, NULL, NULL, NULL, NULL, NULL, NULL, NULL, NULL),
('1', 'LOK001', 'TRA009', '2018-05-04', '2018-05-04', '17:40:00', NULL, 66, 'yy1', 65, NULL, NULL, NULL, NULL, NULL, NULL, NULL, NULL, NULL, NULL, NULL, NULL, NULL, NULL, NULL, NULL, NULL, NULL, NULL, NULL, NULL, NULL, NULL, NULL),
('1', 'LOK001', 'TRA009', '2018-05-04', '2018-05-04', '17:40:00', NULL, 67, 'yy2', 65, NULL, NULL, NULL, NULL, NULL, NULL, NULL, NULL, NULL, NULL, NULL, NULL, NULL, NULL, NULL, NULL, NULL, NULL, NULL, NULL, NULL, NULL, NULL, NULL),
('1', 'LOK001', 'TRA009', '2018-05-04', '2018-05-04', '17:40:00', NULL, 68, 'xx2', -1, NULL, NULL, NULL, NULL, NULL, NULL, NULL, NULL, NULL, NULL, NULL, NULL, NULL, NULL, NULL, NULL, NULL, NULL, NULL, NULL, NULL, NULL, NULL, NULL),
('1', 'LOK001', 'TRA009', '2018-05-04', '2018-05-04', '17:40:00', NULL, 69, 'xx3', -1, NULL, NULL, NULL, NULL, NULL, NULL, NULL, NULL, NULL, NULL, NULL, NULL, NULL, NULL, NULL, NULL, NULL, NULL, NULL, NULL, NULL, NULL, NULL, NULL),
('1', 'LOK001', 'TRA009', '2018-05-04', '2018-05-04', '17:40:00', NULL, 70, 'xx1', -1, NULL, NULL, NULL, NULL, NULL, NULL, NULL, NULL, NULL, NULL, NULL, NULL, NULL, NULL, NULL, NULL, NULL, NULL, NULL, NULL, NULL, NULL, NULL, NULL),
('1', 'LOK001', 'TRA009', '2018-05-04', '2018-05-04', '17:40:00', NULL, 71, 'yy2', 70, NULL, NULL, NULL, NULL, NULL, NULL, NULL, NULL, NULL, NULL, NULL, NULL, NULL, NULL, NULL, NULL, NULL, NULL, NULL, NULL, NULL, NULL, NULL, NULL),
('1', 'LOK001', 'TRA009', '2018-05-04', '2018-05-04', '17:40:00', NULL, 72, 'xx3', -1, NULL, NULL, NULL, NULL, NULL, NULL, NULL, NULL, NULL, NULL, NULL, NULL, NULL, NULL, NULL, NULL, NULL, NULL, NULL, NULL, NULL, NULL, NULL, NULL),
('1', 'LOK001', 'TRA010', '2018-05-04', '2018-05-04', '17:40:00', NULL, 73, 'xx1', -1, NULL, NULL, NULL, NULL, NULL, NULL, NULL, NULL, NULL, NULL, NULL, NULL, NULL, NULL, NULL, NULL, NULL, NULL, NULL, NULL, NULL, NULL, NULL, NULL),
('1', 'LOK001', 'TRA010', '2018-05-04', '2018-05-04', '17:40:00', NULL, 74, 'yy1', 73, NULL, NULL, NULL, NULL, NULL, NULL, NULL, NULL, NULL, NULL, NULL, NULL, NULL, NULL, NULL, NULL, NULL, NULL, NULL, NULL, NULL, NULL, NULL, NULL),
('1', 'LOK001', 'TRA010', '2018-05-04', '2018-05-04', '17:40:00', NULL, 75, 'yy2', 73, NULL, NULL, NULL, NULL, NULL, NULL, NULL, NULL, NULL, NULL, NULL, NULL, NULL, NULL, NULL, NULL, NULL, NULL, NULL, NULL, NULL, NULL, NULL, NULL),
('1', 'LOK001', 'TRA010', '2018-05-04', '2018-05-04', '17:40:00', NULL, 76, 'xx2', -1, NULL, NULL, NULL, NULL, NULL, NULL, NULL, NULL, NULL, NULL, NULL, NULL, NULL, NULL, NULL, NULL, NULL, NULL, NULL, NULL, NULL, NULL, NULL, NULL),
('1', 'LOK001', 'TRA010', '2018-05-04', '2018-05-04', '17:40:00', NULL, 77, 'xx3', -1, NULL, NULL, NULL, NULL, NULL, NULL, NULL, NULL, NULL, NULL, NULL, NULL, NULL, NULL, NULL, NULL, NULL, NULL, NULL, NULL, NULL, NULL, NULL, NULL),
('1', 'LOK001', 'TRA010', '2018-05-04', '2018-05-04', '17:40:00', NULL, 78, 'xx1', -1, NULL, NULL, NULL, NULL, NULL, NULL, NULL, NULL, NULL, NULL, NULL, NULL, NULL, NULL, NULL, NULL, NULL, NULL, NULL, NULL, NULL, NULL, NULL, NULL),
('1', 'LOK001', 'TRA010', '2018-05-04', '2018-05-04', '17:40:00', NULL, 79, 'yy2', 78, NULL, NULL, NULL, NULL, NULL, NULL, NULL, NULL, NULL, NULL, NULL, NULL, NULL, NULL, NULL, NULL, NULL, NULL, NULL, NULL, NULL, NULL, NULL, NULL),
('1', 'LOK001', 'TRA010', '2018-05-04', '2018-05-04', '17:40:00', NULL, 80, 'xx3', -1, NULL, NULL, NULL, NULL, NULL, NULL, NULL, NULL, NULL, NULL, NULL, NULL, NULL, NULL, NULL, NULL, NULL, NULL, NULL, NULL, NULL, NULL, NULL, NULL),
('1', 'LOK001', 'TRA011', '2018-05-04', '2018-05-04', '17:40:00', NULL, 81, 'xx1', -1, NULL, NULL, NULL, NULL, NULL, NULL, NULL, NULL, NULL, NULL, NULL, NULL, NULL, NULL, NULL, NULL, NULL, NULL, NULL, NULL, NULL, NULL, NULL, NULL),
('1', 'LOK001', 'TRA011', '2018-05-04', '2018-05-04', '17:40:00', NULL, 82, 'yy1', 81, NULL, NULL, NULL, NULL, NULL, NULL, NULL, NULL, NULL, NULL, NULL, NULL, NULL, NULL, NULL, NULL, NULL, NULL, NULL, NULL, NULL, NULL, NULL, NULL),
('1', 'LOK001', 'TRA011', '2018-05-04', '2018-05-04', '17:40:00', NULL, 83, 'yy2', 81, NULL, NULL, NULL, NULL, NULL, NULL, NULL, NULL, NULL, NULL, NULL, NULL, NULL, NULL, NULL, NULL, NULL, NULL, NULL, NULL, NULL, NULL, NULL, NULL),
('1', 'LOK001', 'TRA011', '2018-05-04', '2018-05-04', '17:40:00', NULL, 84, 'xx2', -1, NULL, NULL, NULL, NULL, NULL, NULL, NULL, NULL, NULL, NULL, NULL, NULL, NULL, NULL, NULL, NULL, NULL, NULL, NULL, NULL, NULL, NULL, NULL, NULL),
('1', 'LOK001', 'TRA011', '2018-05-04', '2018-05-04', '17:40:00', NULL, 85, 'xx3', -1, NULL, NULL, NULL, NULL, NULL, NULL, NULL, NULL, NULL, NULL, NULL, NULL, NULL, NULL, NULL, NULL, NULL, NULL, NULL, NULL, NULL, NULL, NULL, NULL),
('1', 'LOK001', 'TRA011', '2018-05-04', '2018-05-04', '17:40:00', NULL, 86, 'xx1', -1, NULL, NULL, NULL, NULL, NULL, NULL, NULL, NULL, NULL, NULL, NULL, NULL, NULL, NULL, NULL, NULL, NULL, NULL, NULL, NULL, NULL, NULL, NULL, NULL),
('1', 'LOK001', 'TRA011', '2018-05-04', '2018-05-04', '17:40:00', NULL, 87, 'yy2', 86, NULL, NULL, NULL, NULL, NULL, NULL, NULL, NULL, NULL, NULL, NULL, NULL, NULL, NULL, NULL, NULL, NULL, NULL, NULL, NULL, NULL, NULL, NULL, NULL),
('1', 'LOK001', 'TRA011', '2018-05-04', '2018-05-04', '17:40:00', NULL, 88, 'xx3', -1, NULL, NULL, NULL, NULL, NULL, NULL, NULL, NULL, NULL, NULL, NULL, NULL, NULL, NULL, NULL, NULL, NULL, NULL, NULL, NULL, NULL, NULL, NULL, NULL),
('1', 'LOK001', 'TRA012', '2018-05-04', '2018-05-04', '17:40:00', NULL, 89, 'xx1', -1, NULL, NULL, NULL, NULL, NULL, NULL, NULL, NULL, NULL, NULL, NULL, NULL, NULL, NULL, NULL, NULL, NULL, NULL, NULL, NULL, NULL, NULL, NULL, NULL),
('1', 'LOK001', 'TRA012', '2018-05-04', '2018-05-04', '17:40:00', NULL, 90, 'yy1', 89, NULL, NULL, NULL, NULL, NULL, NULL, NULL, NULL, NULL, NULL, NULL, NULL, NULL, NULL, NULL, NULL, NULL, NULL, NULL, NULL, NULL, NULL, NULL, NULL),
('1', 'LOK001', 'TRA012', '2018-05-04', '2018-05-04', '17:40:00', NULL, 91, 'yy2', 89, NULL, NULL, NULL, NULL, NULL, NULL, NULL, NULL, NULL, NULL, NULL, NULL, NULL, NULL, NULL, NULL, NULL, NULL, NULL, NULL, NULL, NULL, NULL, NULL),
('1', 'LOK001', 'TRA012', '2018-05-04', '2018-05-04', '17:40:00', NULL, 92, 'xx2', -1, NULL, NULL, NULL, NULL, NULL, NULL, NULL, NULL, NULL, NULL, NULL, NULL, NULL, NULL, NULL, NULL, NULL, NULL, NULL, NULL, NULL, NULL, NULL, NULL),
('1', 'LOK001', 'TRA012', '2018-05-04', '2018-05-04', '17:40:00', NULL, 93, 'xx3', -1, NULL, NULL, NULL, NULL, NULL, NULL, NULL, NULL, NULL, NULL, NULL, NULL, NULL, NULL, NULL, NULL, NULL, NULL, NULL, NULL, NULL, NULL, NULL, NULL),
('1', 'LOK001', 'TRA012', '2018-05-04', '2018-05-04', '17:40:00', NULL, 94, 'xx1', -1, NULL, NULL, NULL, NULL, NULL, NULL, NULL, NULL, NULL, NULL, NULL, NULL, NULL, NULL, NULL, NULL, NULL, NULL, NULL, NULL, NULL, NULL, NULL, NULL),
('1', 'LOK001', 'TRA012', '2018-05-04', '2018-05-04', '17:40:00', NULL, 95, 'yy2', 94, NULL, NULL, NULL, NULL, NULL, NULL, NULL, NULL, NULL, NULL, NULL, NULL, NULL, NULL, NULL, NULL, NULL, NULL, NULL, NULL, NULL, NULL, NULL, NULL),
('1', 'LOK001', 'TRA012', '2018-05-04', '2018-05-04', '17:40:00', NULL, 96, 'xx3', -1, NULL, NULL, NULL, NULL, NULL, NULL, NULL, NULL, NULL, NULL, NULL, NULL, NULL, NULL, NULL, NULL, NULL, NULL, NULL, NULL, NULL, NULL, NULL, NULL),
('1', 'LOK001', 'TRA013', '2018-05-04', '2018-05-04', '17:40:00', NULL, 97, 'xx1', -1, NULL, NULL, NULL, NULL, NULL, NULL, NULL, NULL, NULL, NULL, NULL, NULL, NULL, NULL, NULL, NULL, NULL, NULL, NULL, NULL, NULL, NULL, NULL, NULL),
('1', 'LOK001', 'TRA013', '2018-05-04', '2018-05-04', '17:40:00', NULL, 98, 'yy1', 97, NULL, NULL, NULL, NULL, NULL, NULL, NULL, NULL, NULL, NULL, NULL, NULL, NULL, NULL, NULL, NULL, NULL, NULL, NULL, NULL, NULL, NULL, NULL, NULL),
('1', 'LOK001', 'TRA013', '2018-05-04', '2018-05-04', '17:40:00', NULL, 99, 'yy2', 97, NULL, NULL, NULL, NULL, NULL, NULL, NULL, NULL, NULL, NULL, NULL, NULL, NULL, NULL, NULL, NULL, NULL, NULL, NULL, NULL, NULL, NULL, NULL, NULL),
('1', 'LOK001', 'TRA013', '2018-05-04', '2018-05-04', '17:40:00', NULL, 100, 'xx2', -1, NULL, NULL, NULL, NULL, NULL, NULL, NULL, NULL, NULL, NULL, NULL, NULL, NULL, NULL, NULL, NULL, NULL, NULL, NULL, NULL, NULL, NULL, NULL, NULL),
('1', 'LOK001', 'TRA013', '2018-05-04', '2018-05-04', '17:40:00', NULL, 101, 'xx3', -1, NULL, NULL, NULL, NULL, NULL, NULL, NULL, NULL, NULL, NULL, NULL, NULL, NULL, NULL, NULL, NULL, NULL, NULL, NULL, NULL, NULL, NULL, NULL, NULL),
('1', 'LOK001', 'TRA013', '2018-05-04', '2018-05-04', '17:40:00', NULL, 102, 'xx1', -1, NULL, NULL, NULL, NULL, NULL, NULL, NULL, NULL, NULL, NULL, NULL, NULL, NULL, NULL, NULL, NULL, NULL, NULL, NULL, NULL, NULL, NULL, NULL, NULL),
('1', 'LOK001', 'TRA013', '2018-05-04', '2018-05-04', '17:40:00', NULL, 103, 'yy2', 102, NULL, NULL, NULL, NULL, NULL, NULL, NULL, NULL, NULL, NULL, NULL, NULL, NULL, NULL, NULL, NULL, NULL, NULL, NULL, NULL, NULL, NULL, NULL, NULL),
('1', 'LOK001', 'TRA013', '2018-05-04', '2018-05-04', '17:40:00', NULL, 104, 'xx3', -1, NULL, NULL, NULL, NULL, NULL, NULL, NULL, NULL, NULL, NULL, NULL, NULL, NULL, NULL, NULL, NULL, NULL, NULL, NULL, NULL, NULL, NULL, NULL, NULL),
('1', 'LOK001', 'TRA013', '2018-05-13', '2018-05-13', '22:25:50', NULL, 122, 'xx1', -1, NULL, NULL, NULL, NULL, NULL, NULL, NULL, NULL, NULL, NULL, NULL, NULL, NULL, NULL, NULL, NULL, NULL, NULL, NULL, NULL, NULL, NULL, NULL, NULL),
('1', 'LOK001', 'TRA014', '2018-05-04', '2018-05-04', '17:40:00', NULL, 105, 'xx1', -1, NULL, NULL, NULL, NULL, NULL, NULL, NULL, NULL, NULL, NULL, NULL, NULL, NULL, NULL, NULL, NULL, NULL, NULL, NULL, NULL, NULL, NULL, NULL, NULL),
('1', 'LOK001', 'TRA014', '2018-05-04', '2018-05-04', '17:40:00', NULL, 106, 'yy1', 105, NULL, NULL, NULL, NULL, NULL, NULL, NULL, NULL, NULL, NULL, NULL, NULL, NULL, NULL, NULL, NULL, NULL, NULL, NULL, NULL, NULL, NULL, NULL, NULL),
('1', 'LOK001', 'TRA014', '2018-05-04', '2018-05-04', '17:40:00', NULL, 107, 'yy2', 105, NULL, NULL, NULL, NULL, NULL, NULL, NULL, NULL, NULL, NULL, NULL, NULL, NULL, NULL, NULL, NULL, NULL, NULL, NULL, NULL, NULL, NULL, NULL, NULL),
('1', 'LOK001', 'TRA014', '2018-05-04', '2018-05-04', '17:40:00', NULL, 108, 'xx2', -1, NULL, NULL, NULL, NULL, NULL, NULL, NULL, NULL, NULL, NULL, NULL, NULL, NULL, NULL, NULL, NULL, NULL, NULL, NULL, NULL, NULL, NULL, NULL, NULL),
('1', 'LOK001', 'TRA014', '2018-05-04', '2018-05-04', '17:40:00', NULL, 109, 'xx3', -1, NULL, NULL, NULL, NULL, NULL, NULL, NULL, NULL, NULL, NULL, NULL, NULL, NULL, NULL, NULL, NULL, NULL, NULL, NULL, NULL, NULL, NULL, NULL, NULL),
('1', 'LOK001', 'TRA014', '2018-05-04', '2018-05-04', '17:40:00', NULL, 110, 'xx1', -1, NULL, NULL, NULL, NULL, NULL, NULL, NULL, NULL, NULL, NULL, NULL, NULL, NULL, NULL, NULL, NULL, NULL, NULL, NULL, NULL, NULL, NULL, NULL, NULL),
('1', 'LOK001', 'TRA014', '2018-05-04', '2018-05-04', '17:40:00', NULL, 111, 'yy2', 110, NULL, NULL, NULL, NULL, NULL, NULL, NULL, NULL, NULL, NULL, NULL, NULL, NULL, NULL, NULL, NULL, NULL, NULL, NULL, NULL, NULL, NULL, NULL, NULL),
('1', 'LOK001', 'TRA014', '2018-05-04', '2018-05-04', '17:40:00', NULL, 112, 'xx3', -1, NULL, NULL, NULL, NULL, NULL, NULL, NULL, NULL, NULL, NULL, NULL, NULL, NULL, NULL, NULL, NULL, NULL, NULL, NULL, NULL, NULL, NULL, NULL, NULL),
('1', 'LOK001', 'TRA015', '2018-05-04', '2018-05-04', '17:40:00', NULL, 113, 'xx1', -1, NULL, NULL, NULL, NULL, NULL, NULL, NULL, NULL, NULL, NULL, NULL, NULL, NULL, NULL, NULL, NULL, NULL, NULL, NULL, NULL, NULL, NULL, NULL, NULL),
('1', 'LOK001', 'TRA015', '2018-05-04', '2018-05-04', '17:40:00', NULL, 114, 'yy1', 113, NULL, NULL, NULL, NULL, NULL, NULL, NULL, NULL, NULL, NULL, NULL, NULL, NULL, NULL, NULL, NULL, NULL, NULL, NULL, NULL, NULL, NULL, NULL, NULL),
('1', 'LOK001', 'TRA015', '2018-05-04', '2018-05-04', '17:40:00', NULL, 115, 'yy2', 113, NULL, NULL, NULL, NULL, NULL, NULL, NULL, NULL, NULL, NULL, NULL, NULL, NULL, NULL, NULL, NULL, NULL, NULL, NULL, NULL, NULL, NULL, NULL, NULL),
('1', 'LOK001', 'TRA015', '2018-05-04', '2018-05-04', '17:40:00', NULL, 116, 'xx2', -1, NULL, NULL, NULL, NULL, NULL, NULL, NULL, NULL, NULL, NULL, NULL, NULL, NULL, NULL, NULL, NULL, NULL, NULL, NULL, NULL, NULL, NULL, NULL, NULL),
('1', 'LOK001', 'TRA015', '2018-05-04', '2018-05-04', '17:40:00', NULL, 117, 'xx3', -1, NULL, NULL, NULL, NULL, NULL, NULL, NULL, NULL, NULL, NULL, NULL, NULL, NULL, NULL, NULL, NULL, NULL, NULL, NULL, NULL, NULL, NULL, NULL, NULL),
('1', 'LOK001', 'TRA015', '2018-05-04', '2018-05-04', '17:40:00', NULL, 118, 'xx1', -1, NULL, NULL, NULL, NULL, NULL, NULL, NULL, NULL, NULL, NULL, NULL, NULL, NULL, NULL, NULL, NULL, NULL, NULL, NULL, NULL, NULL, NULL, NULL, NULL),
('1', 'LOK001', 'TRA015', '2018-05-04', '2018-05-04', '17:40:00', NULL, 119, 'yy2', 118, NULL, NULL, NULL, NULL, NULL, NULL, NULL, NULL, NULL, NULL, NULL, NULL, NULL, NULL, NULL, NULL, NULL, NULL, NULL, NULL, NULL, NULL, NULL, NULL),
('1', 'LOK001', 'TRA015', '2018-05-04', '2018-05-04', '17:40:00', NULL, 120, 'xx3', -1, NULL, NULL, NULL, NULL, NULL, NULL, NULL, NULL, NULL, NULL, NULL, NULL, NULL, NULL, NULL, NULL, NULL, NULL, NULL, NULL, NULL, NULL, NULL, NULL);

--
-- Triggers `torderdtl`
--
DROP TRIGGER IF EXISTS `INSERT_CHECKER`;
DELIMITER $$
CREATE TRIGGER `INSERT_CHECKER` AFTER INSERT ON `torderdtl` FOR EACH ROW BEGIN
DECLARE m_durasi decimal(15,2) DEFAULT 0;
DECLARE m_namamenurecipe varchar(300);
SELECT durasi INTO m_durasi FROM makanan WHERE KODEMENURECIPE = new.kodemenurecipe;
SELECT namamenurecipe INTO m_namamenurecipe FROM makanan WHERE KODEMENURECIPE = new.kodemenurecipe;

insert into torderchecker VALUES(new.kodelokasi,new.kodetrans,new.tglomzet,new.kodemenurecipe,m_namamenurecipe,"1",new.urutan,new.urutanheader,CURRENT_TIME,CURRENT_TIME + interval m_durasi minute,"00:00:00",m_durasi,"TEST","TEST",0);
END
$$
DELIMITER ;

-- --------------------------------------------------------

--
-- Table structure for table `t_orderchecker`
--

DROP TABLE IF EXISTS `t_orderchecker`;
CREATE TABLE IF NOT EXISTS `t_orderchecker` (
  `KODELOKASI` varchar(10) NOT NULL,
  `KODETRANS` varchar(50) NOT NULL,
  `TANGGALOMSET` date NOT NULL,
  `NOMORMEJA` int(11) NOT NULL,
  `KODEMENURECIPE` varchar(50) NOT NULL,
  `NAMAMENURECIPE` varchar(300) NOT NULL,
  `JUMLAH` int(11) NOT NULL,
  `HARGA` decimal(15,4) NOT NULL,
  `KODEDETAIL` varchar(50) NOT NULL,
  `NAMADETAIL` varchar(300) NOT NULL,
  `URUTANHEADER` int(11) NOT NULL,
  `URUTAN` int(11) NOT NULL,
  `JAMORDER` time NOT NULL,
  `JAMTARGET` time NOT NULL,
  `JAMFINISH` time NOT NULL,
  `DURASI` int(11) NOT NULL,
  `USERORDER` varchar(100) NOT NULL,
  `USERCHECKER` varchar(100) NOT NULL,
  `STATUS` tinyint(4) NOT NULL,
  `JUMLAHCOVER` int(11) NOT NULL,
  PRIMARY KEY (`KODETRANS`)
) ENGINE=InnoDB DEFAULT CHARSET=latin1;

--
-- Dumping data for table `t_orderchecker`
--

INSERT INTO `t_orderchecker` (`KODELOKASI`, `KODETRANS`, `TANGGALOMSET`, `NOMORMEJA`, `KODEMENURECIPE`, `NAMAMENURECIPE`, `JUMLAH`, `HARGA`, `KODEDETAIL`, `NAMADETAIL`, `URUTANHEADER`, `URUTAN`, `JAMORDER`, `JAMTARGET`, `JAMFINISH`, `DURASI`, `USERORDER`, `USERCHECKER`, `STATUS`, `JUMLAHCOVER`) VALUES
('', 'order001', '2018-04-17', 1, 'MENU001', 'CHIC TRYK BENTO', 1, '40000.0000', 'DTL001', 'NO CHIC', 1, 1, '00:02:02', '14:44:00', '14:33:40', 5, 'DANIEL', 'DANIEL', 1, 0),
('', 'order002', '2018-04-17', 1, 'MENU002', 'CHAWAN MUSHI', 2, '35000.0000', 'DTL002', 'NO CHIC', 1, 2, '00:02:02', '14:44:00', '11:37:51', 5, 'DANIEL', 'DANIEL', 1, 0),
('', 'order003', '2018-04-17', 1, 'MENU003', 'EBI MAYO BENTO', 1, '20000.0000', 'DTL003', 'NO CHIC', 1, 3, '00:02:02', '14:44:00', '00:00:00', 5, 'DANIEL', 'DANIEL', 0, 0),
('', 'order004', '2018-04-17', 1, 'MENU004', 'SENCA DINGIN', 3, '10000.0000', 'DTL004', 'NO CHIC', 1, 4, '23:13:02', '14:44:00', '00:00:00', 5, 'DANIEL', 'DANIEL', 0, 0),
('', 'order005', '2018-04-17', 2, 'MENU001', 'CHIC TRYK BENTO', 1, '40000.0000', 'DTL005', 'NO CHIC', 5, 5, '17:42:02', '14:44:00', '10:33:48', 5, 'DANIEL', 'DANIEL', 1, 0),
('', 'order006', '2018-04-17', 2, 'MENU002', 'CHAWAN MUSHI', 1, '35000.0000', 'DTL006', 'NO CHIC', 5, 6, '17:42:02', '14:44:00', '11:37:51', 5, 'DANIEL', 'DANIEL', 1, 0),
('', 'order007', '2018-04-17', 2, 'MENU003', 'EBI MAYO BENTO', 2, '20000.0000', 'DTL007', 'NO CHIC', 5, 7, '17:42:02', '14:44:00', '00:00:00', 5, 'DANIEL', 'DANIEL', 0, 0),
('', 'order008', '2018-04-17', 3, 'MENU004', 'SENCA DINGIN', 4, '10000.0000', 'DTL008', 'NO CHIC', 8, 8, '17:42:02', '14:44:00', '00:00:00', 5, 'DANIEL', 'DANIEL', 0, 0),
('', 'order009', '2018-04-17', 3, 'MENU001', 'CHIC TRYK BENTO', 1, '40000.0000', 'DTL009', 'NO CHIC', 8, 9, '17:42:02', '14:44:00', '10:34:14', 5, 'DANIEL', 'DANIEL', 1, 0),
('', 'order010', '2018-04-17', 3, 'MENU002', 'CHAWAN MUSHI', 1, '35000.0000', 'DTL010', 'NO CHIC', 8, 10, '17:42:02', '14:44:00', '00:00:00', 5, 'DANIEL', 'DANIEL', 0, 0),
('', 'order011', '2018-04-17', 4, 'MENU002', 'CHAWAN MUSHI', 1, '35000.0000', 'DTL010', 'NO CHIC', 8, 10, '17:42:02', '14:44:00', '00:00:00', 5, 'DANIEL', 'DANIEL', 0, 0),
('', 'order012', '2018-04-17', 6, 'MENU001', 'CHIC TRYK BENTO', 1, '40000.0000', 'DTL001', 'NO CHIC', 1, 1, '00:02:02', '14:44:00', '00:00:00', 5, 'DANIEL', 'DANIEL', 0, 0),
('12345', 'order14', '2018-04-17', 5, 'RA001', 'RAWON', 1, '15000.0000', '0', '0', 1, 1, '11:40:00', '14:44:00', '00:00:00', 5, '1', '1', 0, 1);

/*!40101 SET CHARACTER_SET_CLIENT=@OLD_CHARACTER_SET_CLIENT */;
/*!40101 SET CHARACTER_SET_RESULTS=@OLD_CHARACTER_SET_RESULTS */;
/*!40101 SET COLLATION_CONNECTION=@OLD_COLLATION_CONNECTION */;
